{"hardness":10.963024139404297,"drops":["cubyz:Hydrotaite"],"ore":{"veins":5.855089783668518,"size":9.717272758483887,"density":0.4398220181465149,"sources":["cubyz:stone"],"height":67},"texture":"cubyz:Hydrotaite_ore","breakingPower":6.761833667755127,"model":"cubyz:block.obj","class":"stone"}