{"hardness":28.38442039489746,"drops":["cubyz:Kleiningen"],"ore":{"veins":3.8501519560813904,"size":9.109039306640625,"density":0.12854573130607605,"sources":["cubyz:stone"],"height":-61},"texture":"cubyz:Kleiningen_ore","breakingPower":6.421314716339111,"model":"cubyz:block.obj","class":"stone"}