{"hardness":167.9715576171875,"drops":["cubyz:Kyanapaite"],"ore":{"veins":6.096965581178665,"size":1.4721391201019287,"density":0.3192293047904968,"sources":["cubyz:stone"],"height":-68},"texture":"cubyz:Kyanapaite_ore","breakingPower":2.1411375999450684,"model":"cubyz:block.obj","class":"stone"}