{"hardness":10.970694541931152,"drops":["cubyz:Learcheite"],"ore":{"veins":7.938684731721878,"size":8.99199104309082,"density":0.1437365859746933,"sources":["cubyz:stone"],"height":-92},"texture":"cubyz:Learcheite_ore","breakingPower":8.187116622924805,"model":"cubyz:block.obj","class":"stone"}