{"hardness":15.876140594482422,"drops":["cubyz:Neodymium"],"ore":{"veins":3.1108166873455048,"size":4.089003086090088,"density":0.10260839760303497,"sources":["cubyz:stone"],"height":35},"texture":"cubyz:Neodymium_ore","breakingPower":5.984173774719238,"model":"cubyz:block.obj","class":"stone"}