{"hardness":37.54445266723633,"drops":["cubyz:Pellium_cot"],"ore":{"veins":4.283579498529434,"size":9.024089813232422,"density":0.25304707884788513,"sources":["cubyz:stone"],"height":-99},"texture":"cubyz:Pellium_cot_ore","breakingPower":5.5010247230529785,"model":"cubyz:block.obj","class":"stone"}