{"hardness":4.028377532958984,"drops":["cubyz:Smium"],"ore":{"veins":3.723148912191391,"size":3.5421385765075684,"density":0.05060853064060211,"sources":["cubyz:stone"],"height":78},"texture":"cubyz:Smium_ore","breakingPower":9.175296783447266,"model":"cubyz:block.obj","class":"stone"}