{"hardness":116.13174438476562,"drops":["cubyz:Xifengite"],"ore":{"veins":3.1079467236995697,"size":2.966914176940918,"density":0.07764667272567749,"sources":["cubyz:stone"],"height":-56},"texture":"cubyz:Xifengite_ore","breakingPower":6.873696327209473,"model":"cubyz:block.obj","emittedLight":3018526,"class":"stone"}