{"hardness":90.89400482177734,"drops":["cubyz:Yttramiter"],"ore":{"veins":1.9552732110023499,"size":7.7630109786987305,"density":0.1933247298002243,"sources":["cubyz:stone"],"height":29},"texture":"cubyz:Yttramiter_ore","breakingPower":2.0646018981933594,"model":"cubyz:block.obj","class":"stone"}