{"translationId":"Hydrotaite","material":{"density":1.3217204809188843,"roughness":0.05353599786758423,"power":1.5717697143554688,"resistance":1.1733239889144897,"colors":[-6933421,-4762010,-5221781,-3772797,-1470564]},"texture":"Hydrotaite.png"}