{"translationId":"Kleiningen","material":{"density":1.9293135404586792,"roughness":0.35390639305114746,"power":1.0467737913131714,"resistance":1.703016996383667,"colors":[-9173248,-8054496,-6409699,-5618364,-5090733]},"texture":"Kleiningen.png"}