{"translationId":"Kyanapaite","material":{"density":1.1062886714935303,"roughness":0.510462760925293,"power":1.348482608795166,"resistance":1.297239065170288,"colors":[-4973165,-3988058,-2084403,-1751076,-39445]},"texture":"Kyanapaite.png"}