{"translationId":"Learcheite","material":{"density":1.7007699012756348,"roughness":0.1215665340423584,"power":1.1852654218673706,"resistance":1.1134858131408691,"colors":[-7594638,-5368458,-3455596,-3911003,-1418061]},"texture":"Learcheite.png"}