{"translationId":"Neodymium","material":{"density":1.822847843170166,"roughness":0.4053942561149597,"power":1.093254804611206,"resistance":1.4905619621276855,"colors":[-7709184,-6458349,-4290523,-2842314,-1987506]},"texture":"Neodymium.png"}