{"translationId":"Pellium_cot","material":{"density":1.499123454093933,"roughness":0.8441883325576782,"power":1.2539241313934326,"resistance":1.722992181777954,"colors":[-8388443,-7328338,-5881656,-4368171,-2338331]},"texture":"Pellium_cot.png"}