{"translationId":"Smium","material":{"density":1.5696805715560913,"roughness":0.3726869821548462,"power":1.6087756156921387,"resistance":1.2260184288024902,"colors":[-16777014,-16776999,-16512264,-16577293,-11649025]},"texture":"Smium.png"}