{"translationId":"Xifengite","material":{"density":1.542102336883545,"roughness":0.7162244915962219,"power":1.9080017805099487,"resistance":1.0288231372833252,"colors":[-8513720,-7203232,-5950857,-4171640,-2076002]},"texture":"Xifengite.png"}