{"translationId":"Yttramiter","material":{"density":1.1185493469238281,"roughness":0.9022626876831055,"power":1.6297402381896973,"resistance":1.8884388208389282,"colors":[-14172734,-12732708,-9776145,-8590593,-5570561]},"texture":"Yttramiter.png"}